"","submit_name","genus","species","scientificname","uri","bety_id","in_PFT"
"1","Albizia guachapele","Albizia","guachapele","Albizia guachapele","http://www.tropicos.org/Name/13002026",1000020862,TRUE
"2","Alseis blackiana","Alseis","blackiana","Alseis blackiana","http://www.tropicos.org/Name/27903143",49937,TRUE
"3","Anacardium excelsum","Anacardium","excelsum","Anacardium excelsum","http://www.tropicos.org/Name/1300302",49943,TRUE
"4","Annona glabra","Annona","glabra","Annona glabra","http://www.tropicos.org/Name/1600683",30111,TRUE
"5","Annona spraguei","Annona","spraguei","Annona spraguei","http://www.tropicos.org/Name/1600100",49953,TRUE
"6","Ardisia palmana","Ardisia","palmana","Ardisia palmana","http://www.tropicos.org/Name/22000607",1000000871,TRUE
"7","Aspidosperma desmanthum","Aspidosperma","desmanthum","Aspidosperma desmanthum","http://www.tropicos.org/Name/1800106",1000000969,TRUE
"8","Astronium graveolens","Astronium","graveolens","Astronium graveolens","http://www.tropicos.org/Name/1300086",49993,TRUE
"9","Balfourodendron riedelianum","Balfourodendron","riedelianum","Balfourodendron riedelianum","http://www.tropicos.org/Name/28101311",1000020863,TRUE
"10","Bauhinia purpurea","Bauhinia","purpurea","Bauhinia purpurea","http://www.tropicos.org/Name/13047080",19215,TRUE
"11","Blepharocalyx salicifolius","Blepharocalyx","salicifolius","Blepharocalyx salicifolius","http://www.tropicos.org/Name/22102059",1000001544,TRUE
"12","Brosimum utile","Brosimum","utile","Brosimum utile","http://www.tropicos.org/Name/100300816",30553,TRUE
"13","Bursera simaruba","Bursera","simaruba","Bursera simaruba","http://www.tropicos.org/Name/4700231",227,TRUE
"14","Byrsonima crassifolia","Byrsonima","crassifolia","Byrsonima crassifolia","http://www.tropicos.org/Name/19500795",35029,TRUE
"15","Cabralea canjerana","Cabralea","canjerana","Cabralea canjerana","http://www.tropicos.org/Name/20400624",1000001911,TRUE
"16","Calycophyllum candidissimum","Calycophyllum","candidissimum","Calycophyllum candidissimum","http://www.tropicos.org/Name/27903157",41267,TRUE
"17","Carapa guianensis","Carapa","guianensis","Carapa guianensis","http://www.tropicos.org/Name/20400362",46649,TRUE
"18","Caryocar brasiliense","Caryocar","brasiliense","Caryocar brasiliense","http://www.tropicos.org/Name/6200020",10238,TRUE
"19","Casearia corymbosa","Casearia","corymbosa","Casearia corymbosa","http://www.tropicos.org/Name/13200097",1000002246,TRUE
"20","Casearia sylvestris","Casearia","sylvestris","Casearia sylvestris","http://www.tropicos.org/Name/13200167",281,TRUE
"21","Cassipourea guianensis","Cassipourea","guianensis","Cassipourea guianensis","http://www.tropicos.org/Name/27600003",10766,TRUE
"22","Cecropia obtusifolia","Cecropia","obtusifolia","Cecropia obtusifolia","http://www.tropicos.org/Name/21300586",15822,TRUE
"23","Cedrela fissilis","Cedrela","fissilis","Cedrela fissilis","http://www.tropicos.org/Name/20400355",1000002385,TRUE
"24","Ceiba speciosa","Ceiba","speciosa","Ceiba speciosa","http://www.tropicos.org/Name/3900746",1000020865,TRUE
"25","Chrysophyllum cainito","Chrysophyllum","cainito","Chrysophyllum cainito","http://www.tropicos.org/Name/28700679",28944,TRUE
"26","Chrysophyllum gonocarpum","Chrysophyllum","gonocarpum","Chrysophyllum gonocarpum","http://www.tropicos.org/Name/28700706",1000002727,TRUE
"27","Cinnamomum camphora","Cinnamomum","camphora","Cinnamomum camphora","http://www.tropicos.org/Name/17805257",335,TRUE
"28","Clusia stenophylla","Clusia","stenophylla","Clusia stenophylla","http://www.tropicos.org/Name/7800243",50136,TRUE
"29","Cochlospermum vitifolium","Cochlospermum","vitifolium","Cochlospermum vitifolium","http://www.tropicos.org/Name/8000014",39878,TRUE
"30","Cordia alliodora","Cordia","alliodora","Cordia alliodora","http://www.tropicos.org/Name/4001123",380,TRUE
"31","Cordia cymosa","Cordia","cymosa","Cordia cymosa","http://www.tropicos.org/Name/4001646",1000003422,TRUE
"32","Cordia lasiocalyx","Cordia","lasiocalyx","Cordia lasiocalyx","http://www.tropicos.org/Name/4000309",1000003442,TRUE
"33","Cordia lucidula","Cordia","lucidula","Cordia lucidula","http://www.tropicos.org/Name/4001221",1000003446,TRUE
"34","Cordia nodosa","Cordia","nodosa","Cordia nodosa","http://www.tropicos.org/Name/4001143",1000003459,TRUE
"35","Cordia panamensis","Cordia","panamensis","Cordia panamensis","http://www.tropicos.org/Name/4001223",1000003460,TRUE
"36","Cordia trichotoma","Cordia","trichotoma","Cordia trichotoma","http://www.tropicos.org/Name/4002034",1000020866,TRUE
"37","Crescentia alata","Crescentia","alata","Crescentia alata","http://www.tropicos.org/Name/3700258",5807,TRUE
"38","Croton billbergianus","Croton","billbergianus","Croton billbergianus","http://www.tropicos.org/Name/12800819",1000003773,TRUE
"39","Cupania guatemalensis","Cupania","guatemalensis","Cupania guatemalensis","http://www.tropicos.org/Name/28600609",1000003887,TRUE
"40","Curatella americana","Curatella","americana","Curatella americana","http://www.tropicos.org/Name/10900124",1000003910,TRUE
"41","Dendropanax latilobus","Dendropanax","latilobus","Dendropanax latilobus","http://www.tropicos.org/Name/2200747",1000004162,TRUE
"42","Drimys granadensis","Drimys","granadensis","Drimys granadensis","http://www.tropicos.org/Name/34200005",1000004518,TRUE
"43","Enterolobium cyclocarpum","Enterolobium","cyclocarpum","Enterolobium cyclocarpum","http://www.tropicos.org/Name/13030083",3762,TRUE
"44","Erythrina costaricensis","Erythrina","costaricensis","Erythrina costaricensis","http://www.tropicos.org/Name/13009263",1000004822,TRUE
"45","Erythroxylum suberosum","Erythroxylum","suberosum","Erythroxylum suberosum","http://www.tropicos.org/Name/12500266",1000004882,TRUE
"46","Eugenia nesiotica","Eugenia","nesiotica","Eugenia nesiotica","http://www.tropicos.org/Name/22102097",1000005068,TRUE
"47","Faramea occidentalis","Faramea","occidentalis","Faramea occidentalis","http://www.tropicos.org/Name/27902704",31837,TRUE
"48","Ficus citrifolia","Ficus","citrifolia","Ficus citrifolia","http://www.tropicos.org/Name/21300460",33851,TRUE
"49","Ficus insipida","Ficus","insipida","Ficus insipida","http://www.tropicos.org/Name/21300606",1000005277,TRUE
"50","Gliricidia sepium","Gliricidia","sepium","Gliricidia sepium","http://www.tropicos.org/Name/13048407",605,TRUE
"51","Guapira noxia","Guapira","noxia","Guapira noxia","http://www.tropicos.org/Name/22500694",1000005697,TRUE
"52","Guarea guidonia","Guarea","guidonia","Guarea guidonia","http://www.tropicos.org/Name/20400341",622,TRUE
"53","Guatteria dumetorum","Guatteria","dumetorum","Guatteria dumetorum","http://www.tropicos.org/Name/1600214",1000005776,TRUE
"54","Guazuma ulmifolia","Guazuma","ulmifolia","Guazuma ulmifolia","http://www.tropicos.org/Name/30400486",5630,TRUE
"55","Gustavia superba","Gustavia","superba","Gustavia superba","http://www.tropicos.org/Name/17900010",1000005920,TRUE
"56","Hedyosmum goudotianum","Hedyosmum","goudotianum","Hedyosmum goudotianum","http://www.tropicos.org/Name/7300013",1000006069,TRUE
"57","Hedyosmum mexicanum","Hedyosmum","mexicanum","Hedyosmum mexicanum","http://www.tropicos.org/Name/7300015",1000006073,TRUE
"58","Hevea brasiliensis","Hevea","brasiliensis","Hevea brasiliensis","http://www.tropicos.org/Name/12801400",19340,TRUE
"59","Holocalyx balansae","Holocalyx","balansae","Holocalyx balansae","http://www.tropicos.org/Name/13020477",1000020867,TRUE
"60","Humiriastrum diguense","Humiriastrum","diguense","Humiriastrum diguense","http://www.tropicos.org/Name/15800034",1000006376,TRUE
"61","Hymenaea courbaril","Hymenaea","courbaril","Hymenaea courbaril","http://www.tropicos.org/Name/13005950",27020,TRUE
"62","Hymenaea martiana","Hymenaea","martiana","Hymenaea martiana","http://www.tropicos.org/Name/13020516",1000020868,TRUE
"63","Hymenaea stigonocarpa","Hymenaea","stigonocarpa","Hymenaea stigonocarpa","http://www.tropicos.org/Name/13020524",1000020879,TRUE
"64","Inga vera","Inga","vera","Inga vera","http://www.tropicos.org/Name/13021418",704,TRUE
"65","Ipomoea wolcottiana","Ipomoea","wolcottiana","Ipomoea wolcottiana","http://www.tropicos.org/Name/8502130",1000006740,TRUE
"66","Kielmeyera coriacea","Kielmeyera","coriacea","Kielmeyera coriacea","http://www.tropicos.org/Name/7801213",50498,TRUE
"67","Kleinhovia hospita","Kleinhovia","hospita","Kleinhovia hospita","http://www.tropicos.org/Name/30401419",44340,TRUE
"68","Lagerstroemia tomentosa","Lagerstroemia","tomentosa","Lagerstroemia tomentosa","http://www.tropicos.org/Name/19200388",1000007008,TRUE
"69","Laguncularia racemosa","Laguncularia","racemosa","Laguncularia racemosa","http://www.tropicos.org/Name/8200077",746,TRUE
"70","Luehea seemannii","Luehea","seemannii","Luehea seemannii","http://www.tropicos.org/Name/32200236",50567,TRUE
"71","Maclura tinctoria","Maclura","tinctoria","Maclura tinctoria","http://www.tropicos.org/Name/21300516",39582,TRUE
"72","Manilkara bidentata","Manilkara","bidentata","Manilkara bidentata","http://www.tropicos.org/Name/28700368",43171,TRUE
"73","Manilkara chicle","Manilkara","chicle","Manilkara chicle","http://www.tropicos.org/Name/28700413",1000007816,TRUE
"74","Marila laxiflora","Marila","laxiflora","Marila laxiflora","http://www.tropicos.org/Name/7800371",1000007859,TRUE
"75","Miconia argentea","Miconia","argentea","Miconia argentea","http://www.tropicos.org/Name/20302666",50624,TRUE
"76","Miconia cuspidata","Miconia","cuspidata","Miconia cuspidata","http://www.tropicos.org/Name/20301030",1000008327,TRUE
"77","Miconia minutiflora","Miconia","minutiflora","Miconia minutiflora","http://www.tropicos.org/Name/20300169",1000008488,TRUE
"78","Morisonia americana","Morisonia","americana","Morisonia americana","http://www.tropicos.org/Name/5900370",13503,TRUE
"79","Myriocarpa longipes","Myriocarpa","longipes","Myriocarpa longipes","http://www.tropicos.org/Name/33400494",50648,TRUE
"80","Myrospermum frutescens","Myrospermum","frutescens","Myrospermum frutescens","http://www.tropicos.org/Name/13036060",17254,TRUE
"81","Myrsine guianensis","Myrsine","guianensis","Myrsine guianensis","http://www.tropicos.org/Name/22000930",1000009201,TRUE
"82","Ochroma pyramidale","Ochroma","pyramidale","Ochroma pyramidale","http://www.tropicos.org/Name/3900204",25655,TRUE
"83","Ocotea diospyrifolia","Ocotea","diospyrifolia","Ocotea diospyrifolia","http://www.tropicos.org/Name/17803863",1000020870,TRUE
"84","Ocotea insularis","Ocotea","insularis","Ocotea insularis","http://www.tropicos.org/Name/17800241",1000009467,TRUE
"85","Ouratea lucens","Ouratea","lucens","Ouratea lucens","http://www.tropicos.org/Name/22800107",1000009869,TRUE
"86","Parapiptadenia rigida","Parapiptadenia","rigida","Parapiptadenia rigida","http://www.tropicos.org/Name/13011305",1000020871,TRUE
"87","Piper reticulatum","Piper","reticulatum","Piper reticulatum","http://www.tropicos.org/Name/25001139",24509,TRUE
"88","Piscidia carthagenensis","Piscidia","carthagenensis","Piscidia carthagenensis","http://www.tropicos.org/Name/13031807",25287,TRUE
"89","Pithecellobium dulce","Pithecellobium","dulce","Pithecellobium dulce","http://www.tropicos.org/Name/13012638",25660,TRUE
"90","Poulsenia armata","Poulsenia","armata","Poulsenia armata","http://www.tropicos.org/Name/21300623",50786,TRUE
"91","Pourouma bicolor","Pourouma","bicolor","Pourouma bicolor","http://www.tropicos.org/Name/21301041",1000011418,TRUE
"92","Prioria copaifera","Prioria","copaifera","Prioria copaifera","http://www.tropicos.org/Name/13044814",50795,TRUE
"93","Protium panamense","Protium","panamense","Protium panamense","http://www.tropicos.org/Name/4700236",1000011665,TRUE
"94","Pseudobombax septenatum","Pseudobombax","septenatum","Pseudobombax septenatum","http://www.tropicos.org/Name/3900261",50836,TRUE
"95","Psidium sartorianum","Psidium","sartorianum","Psidium sartorianum","http://www.tropicos.org/Name/22102112",1000011797,TRUE
"96","Qualea grandiflora","Qualea","grandiflora","Qualea grandiflora","http://www.tropicos.org/Name/34100133",50863,TRUE
"97","Qualea parviflora","Qualea","parviflora","Qualea parviflora","http://www.tropicos.org/Name/34100163",1000012111,TRUE
"98","Rhizophora mangle","Rhizophora","mangle","Rhizophora mangle","http://www.tropicos.org/Name/27600058",1196,TRUE
"99","Schefflera macrocarpa","Schefflera","macrocarpa","Schefflera macrocarpa","http://www.tropicos.org/Name/50254555",1000020872,TRUE
"100","Schefflera morototoni","Schefflera","morototoni","Schefflera morototoni","http://www.tropicos.org/Name/2200796",51206,TRUE
"101","Semialarium mexicanum","Semialarium","mexicanum","Semialarium mexicanum","http://www.tropicos.org/Name/15600396",1000020873,TRUE
"102","Senna dariensis","Senna","dariensis","Senna dariensis","http://www.tropicos.org/Name/13041308",1000013190,TRUE
"103","Simarouba amara","Simarouba","amara","Simarouba amara","http://www.tropicos.org/Name/29400090",50962,TRUE
"104","Spondias purpurea","Spondias","purpurea","Spondias purpurea","http://www.tropicos.org/Name/1300271",24450,TRUE
"105","Styrax ferrugineus","Styrax","ferrugineus","Styrax ferrugineus","http://www.tropicos.org/Name/30800015",1000020874,TRUE
"106","Styrax pohlii","Styrax","pohlii","Styrax pohlii","http://www.tropicos.org/Name/30800040",1000020875,TRUE
"107","Swietenia macrophylla","Swietenia","macrophylla","Swietenia macrophylla","http://www.tropicos.org/Name/20400346",1354,TRUE
"108","Symplocos lanceolata","Symplocos","lanceolata","Symplocos lanceolata","http://www.tropicos.org/Name/30900096",1000020876,TRUE
"109","Syzygium cumini","Syzygium","cumini","Syzygium cumini","http://www.tropicos.org/Name/22102113",36558,TRUE
"110","Tabebuia rosea","Tabebuia","rosea","Tabebuia rosea","http://www.tropicos.org/Name/3700648",2834,TRUE
"111","Tachigali versicolor","Tachigali","versicolor","Tachigali versicolor","http://www.tropicos.org/Name/13001906",50999,TRUE
"112","Tapirira guianensis","Tapirira","guianensis","Tapirira guianensis","http://www.tropicos.org/Name/1300281",1000014356,TRUE
"113","Terminalia amazonia","Terminalia","amazonia","Terminalia amazonia","http://www.tropicos.org/Name/8200207",1000014401,TRUE
"114","Trattinnickia aspera","Trattinnickia","aspera","Trattinnickia aspera","http://www.tropicos.org/Name/4700241",1000014798,TRUE
"115","Virola sebifera","Virola","sebifera","Virola sebifera","http://www.tropicos.org/Name/21800101",25996,TRUE
"116","Vismia billbergiana","Vismia","billbergiana","Vismia billbergiana","http://www.tropicos.org/Name/7800776",1000015206,TRUE
"117","Vochysia ferruginea","Vochysia","ferruginea","Vochysia ferruginea","http://www.tropicos.org/Name/34100141",1000015271,TRUE
"118","Vochysia thyrsoidea","Vochysia","thyrsoidea","Vochysia thyrsoidea","http://www.tropicos.org/Name/50184812",1000020878,TRUE
"119","Xylopia macrantha","Xylopia","macrantha","Xylopia macrantha","http://www.tropicos.org/Name/1600511",1000015453,TRUE
"120","Zanthoxylum panamense","Zanthoxylum","panamense","Zanthoxylum panamense","http://www.tropicos.org/Name/28100631",51088,TRUE
"121","Zuelania guidonia","Zuelania","guidonia","Zuelania guidonia","http://www.tropicos.org/Name/13200529",51093,TRUE
"122","Aspidosperma tomentosum","Aspidosperma","tomentosum","Aspidosperma tomentosum","http://www.tropicos.org/Name/1802208",49981,TRUE
"123","Baccaurea ramiflora","Baccaurea","ramiflora","Baccaurea ramiflora","http://www.tropicos.org/Name/50056948",14893,TRUE
"124","Barringtonia racemosa","Barringtonia","racemosa","Barringtonia racemosa","http://www.tropicos.org/Name/17900318",18401,TRUE
"125","Bischofia javanica","Bischofia","javanica","Bischofia javanica","http://www.tropicos.org/Name/12801991",22718,TRUE
"126","Canella winterana","Canella","winterana","Canella winterana","http://www.tropicos.org/Name/5600007",45817,TRUE
"127","Gnetum gnemon","Gnetum","gnemon","Gnetum gnemon","http://www.tropicos.org/Name/14300128",48766,TRUE
"128","Gossia bidwillii","Gossia","bidwillii","Gossia bidwillii","http://www.tropicos.org/Name/50238673",1000020889,TRUE
"129","Guapira","Guapira",NA,"Guapira","http://www.tropicos.org/Name/40017912",5467,TRUE
"130","Hibiscus","Hibiscus",NA,"Hibiscus","http://www.tropicos.org/Name/40025797",19743,TRUE
"131","Horsfieldia","Horsfieldia",NA,"Horsfieldia","http://www.tropicos.org/Name/40027709",24048,TRUE
"132","Illicium floridanum","Illicium","floridanum","Illicium floridanum","http://www.tropicos.org/Name/19300028",32425,TRUE
"133","Miconia","Miconia",NA,"Miconia","http://www.tropicos.org/Name/40018467",5736,TRUE
"134","Nephelium lappaceum","Nephelium","lappaceum","Nephelium lappaceum","http://www.tropicos.org/Name/50009191",21315,TRUE
"135","Ouratea hexasperma","Ouratea","hexasperma","Ouratea hexasperma","http://www.tropicos.org/Name/50044290",50687,TRUE
"136","Podocarpus latifolius","Podocarpus","latifolius","Podocarpus latifolius","http://www.tropicos.org/Name/25600041",1050,TRUE
"137","Podocarpus neriifolius","Podocarpus","neriifolius","Podocarpus neriifolius","http://www.tropicos.org/Name/25600056",33546,TRUE
"138","Trema orientalis","Trema","orientalis","Trema orientalis","http://www.tropicos.org/Name/33300010",3418,TRUE
"139","Simarouba glauca","Simarouba","glauca","Simarouba glauca","http://www.tropicos.org/Name/29400090",13388,TRUE
"140","Coursetia arborea","Coursetia","arborea","Coursetia arborea","http://www.tropicos.org/Name/13069025",50163,TRUE
"141","Capparis aristiguetae","Capparis","aristiguetae","Capparis aristiguetae","http://www.tropicos.org/Name/40000978",50069,TRUE
"142","Homalium moultonii","Homalium","moultonii","Homalium moultonii","http://www.tropicos.org/Name/40027071",1000020882,TRUE
"143","Nectandra purpurascens","Nectandra","purpurascens","Nectandra purpurascens","http://www.tropicos.org/Name/40025736",1000020884,TRUE
"144","Shorea faguetiana","Shorea","faguetiana","Shorea faguetiana","http://www.tropicos.org/Name/40036194",1000020885,TRUE
"145","Shorea mecistopteryx","Shorea","mecistopteryx","Shorea mecistopteryx","http://www.tropicos.org/Name/40036194",1000020886,TRUE
"146","Trichospermum pleiostigma","Trichospermum","pleiostigma","Trichospermum pleiostigma","http://www.tropicos.org/Name/40017818",1000020887,TRUE
"147","Acinodendron pohlianum","Miconia","leucocarpa","Miconia leucocarpa","http://www.tropicos.org/Name/20301140",1000020880,TRUE
"148","Antirrhea trichantha","Pittoniotis","trichantha","Pittoniotis trichantha","http://www.tropicos.org/Name/27903746",1000011255,TRUE
"149","Aspidosperma cruenta","Aspidosperma","desmanthum","Aspidosperma desmanthum","http://www.tropicos.org/Name/1800106",1000000969,TRUE
"150","Bauhinia variegate","Bauhinia","variegata","Bauhinia variegata","http://www.tropicos.org/Name/13027460",19251,TRUE
"151","Bursera simarouba","Bursera","simaruba","Bursera simaruba","http://www.tropicos.org/Name/4700231",227,TRUE
"152","Chrysophllum cainito","Chrysophyllum","cainito","Chrysophyllum cainito","http://www.tropicos.org/Name/28700679",28944,TRUE
"153","Hymenaea stignocarpa","Hymenaea","stigonocarpa","Hymenaea stigonocarpa","http://www.tropicos.org/Name/13020524",1000020879,TRUE
"154","Hymenea courbaril","Hymenaea","courbaril","Hymenaea courbaril","http://www.tropicos.org/Name/13005950",27020,TRUE
"155","Miconia pohliana","Miconia","leucocarpa","Miconia leucocarpa","http://www.tropicos.org/Name/20301140",1000020880,TRUE
"156","Myrsine ferruginea","Myrsine","coriacea","Myrsine coriacea subsp. coriacea","http://www.tropicos.org/Name/50096857",1000020881,TRUE
"157","Austromyrtus bidwillii","Gossia","bidwillii","Gossia bidwillii","http://www.tropicos.org/Name/50238673",1000020889,TRUE
"158","Eugenia ampullaria","Syzygium","ampullarium","Syzygium ampullarium","http://www.tropicos.org/Name/100263734",1000020892,TRUE
"159","Eugenia bankensis","Syzygium","bankense","Syzygium bankense","http://www.tropicos.org/Name/100263780",1000020893,TRUE
"160","Eugenia muelleri","Syzygium","muelleri","Syzygium muelleri","http://www.tropicos.org/Name/100264357",1000020894,TRUE
"161","Millettia cubitti","Millettia","cubittii","Millettia cubittii","http://www.tropicos.org/Name/13060114",1000020897,TRUE
"162","Piptadenia constricta","Piptadenia","obliqua","Piptadenia obliqua","http://www.tropicos.org/Name/13012488",1000020898,TRUE
"163","Syzygium latilimbum","Syzygium","megacarpum","Syzygium megacarpum","http://www.tropicos.org/Name/50309219",1000020899,TRUE
"164","Aegiphila lhotzkiana","Aegiphila","lhotzkiana","Aegiphila lhotzkiana","http://www.tropicos.org/Name/50214172",49913,TRUE
"165","Aegiphila sellowiana","Aegiphila","sellowiana","Aegiphila sellowiana","http://www.tropicos.org/Name/50214172",1000000238,TRUE
"166","Caesalpinia eriostachys","Caesalpinia","eriostachys","Caesalpinia eriostachys","http://www.tropicos.org/Name/13015217",1000001917,TRUE
"167","Capparis indica","Capparis","indica","Capparis indica","http://www.tropicos.org/Name/50298080",46256,TRUE
"168","Lonchocarpus muehlbergianus","Lonchocarpus","muehlbergianus","Lonchocarpus muehlbergianus","http://www.tropicos.org/Name/100381684",1000020869,TRUE
"169","Sclerolobium paniculatum","Sclerolobium","paniculatum","Sclerolobium paniculatum","http://www.tropicos.org/Name/50317942",1000013036,TRUE
"170","Araucaria hunsteinii","Araucaria","hunsteinii","Araucaria hunsteinii","http://www.tropicos.org/Name/100268937",1000020888,TRUE
"171","Cochlospermum gillivraei","Cochlospermum","gillivraei","Cochlospermum gillivraei","http://www.tropicos.org/Name/100220654",1000020890,TRUE
"172","Cordia inermis","Cordia","inermis","Cordia inermis","http://www.tropicos.org/Name/50287395",1000020891,TRUE
"173","Drimys winteri","Drimys","winteri","Drimys winteri","http://www.tropicos.org/Name/34200011",40294,TRUE
"174","Harpullia cupanioides","Harpullia","cupanioides","Harpullia cupanioides","http://www.tropicos.org/Name/100398304",1000020895,TRUE
"175","Lonchocarpus dipteroneurus","Lonchocarpus","dipteroneurus","Lonchocarpus dipteroneurus","http://www.tropicos.org/Name/13022005",49882,TRUE
"176","Xerospermum laevigatum","Xerospermum","laevigatum","Xerospermum laevigatum","http://www.tropicos.org/Name/40027368",1000020900,TRUE
"177","Adansonia rubrostipa","Adansonia","rubrostipa","Adansonia rubrostipa","http://www.tropicos.org/Name/3900453",1000020903,TRUE
"178","Adansonia za","Adansonia","za","Adansonia za","http://www.tropicos.org/Name/3900455",1000020904,TRUE
"179","Alphitonia excelsa","Alphitonia","excelsa","Alphitonia excelsa","http://www.tropicos.org/Name/100286031",1000020905,TRUE
"180","Alphonsea monogyna","Alphonsea","monogyna","Alphonsea monogyna","http://www.tropicos.org/Name/1602752",1000020906,TRUE
"181","Amphipterygium adstringens","Amphipterygium","adstringens","Amphipterygium adstringens","http://www.tropicos.org/Name/16800004",1000020907,TRUE
"182","Amyxa pluricornis","Amyxa","pluricornis","Amyxa pluricornis","http://www.tropicos.org/Name/50296273",1000020908,TRUE
"183","Apoplanesia paniculata","Apoplanesia","paniculata","Apoplanesia paniculata","http://www.tropicos.org/Name/13047084",1000020909,TRUE
"184","Bourreria cumanensis","Bourreria","cumanensis","Bourreria cumanensis","http://www.tropicos.org/Name/4002683",1000020910,TRUE
"185","Brachychiton australis","Brachychiton","australis","Brachychiton australis","http://www.tropicos.org/Name/30401452",1000020911,TRUE
"186","Bursera heteresthes","Bursera","heteresthes","Bursera heteresthes","http://www.tropicos.org/Name/4700022",1000020912,TRUE
"187","Bursera instabilis","Bursera","instabilis","Bursera instabilis","http://www.tropicos.org/Name/4700598",1000020913,TRUE
"188","Caesalpinia sclerocarpa","Caesalpinia","sclerocarpa","Caesalpinia sclerocarpa","http://www.tropicos.org/Name/13003316",1000020914,TRUE
"189","Celtis philippensis","Celtis","philippensis","Celtis philippensis","http://www.tropicos.org/Name/33300057",1000020915,TRUE
"190","Celtis tetrandra","Celtis","tetrandra","Celtis tetrandra","http://www.tropicos.org/Name/33300179",1000020916,TRUE
"191","Cipadessa baccifera","Cipadessa","baccifera","Cipadessa baccifera","http://www.tropicos.org/Name/20400001",1000020917,TRUE
"192","Cleistanthus sumatranus","Cleistanthus","sumatranus","Cleistanthus sumatranus","http://www.tropicos.org/Name/50056473",1000020918,TRUE
"193","Cnidoscolus spinosus","Cnidoscolus","spinosus","Cnidoscolus spinosus","http://www.tropicos.org/Name/12805203",1000020919,TRUE
"194","Cordia elaeagnoides","Cordia","elaeagnoides","Cordia elaeagnoides","http://www.tropicos.org/Name/4002674",1000020920,TRUE
"195","Corymbia erythrophloia","Corymbia","erythrophloia","Corymbia erythrophloia","http://www.tropicos.org/Name/100172611",1000020921,TRUE
"196","Cosmibuena valerioi","Cosmibuena","valerioi","Cosmibuena valerioi","http://www.tropicos.org/Name/27909344",1000020922,TRUE
"197","Croton crassifolius","Croton","crassifolius","Croton crassifolius","http://www.tropicos.org/Name/50064912",1000020923,TRUE
"198","Diospyros hermaphroditica","Diospyros","hermaphroditica","Diospyros hermaphroditica","http://www.tropicos.org/Name/100324663",1000020924,TRUE
"199","Drimys insipida","Drimys","insipida","Drimys insipida","http://www.tropicos.org/Name/50108868",1000020925,TRUE
"200","Eriotheca pubescens","Eriotheca","pubescens","Eriotheca pubescens","http://www.tropicos.org/Name/3900479",1000020901,TRUE
"201","Esenbeckia nesiotica","Esenbeckia","nesiotica","Esenbeckia nesiotica","http://www.tropicos.org/Name/28100108",1000020926,TRUE
"202","Ficus concinna","Ficus","concinna","Ficus concinna","http://www.tropicos.org/Name/50132046",1000020927,TRUE
"203","Gnetum costatum","Gnetum","costatum","Gnetum costatum","http://www.tropicos.org/Name/14300144",1000020928,TRUE
"204","Guapira areolata","Guapira","areolata","Guapira areolata","http://www.tropicos.org/Name/22500644",1000020929,TRUE
"205","Heliocarpus pallidus","Heliocarpus","pallidus","Heliocarpus pallidus","http://www.tropicos.org/Name/32200607",1000020930,TRUE
"206","Homalanthus novoguineensis","Homalanthus","novoguineensis","Homalanthus novoguineensis","http://www.tropicos.org/Name/50250189",1000020931,TRUE
"207","Idiospermum australiense","Idiospermum","australiense","Idiospermum australiense","http://www.tropicos.org/Name/100355716",1000020932,TRUE
"208","Lasiococca comberi","Lasiococca","comberi","Lasiococca comberi","http://www.tropicos.org/Name/50049911",1000020933,TRUE
"209","Macaranga denticulata","Macaranga","denticulata","Macaranga denticulata","http://www.tropicos.org/Name/12800072",1000020934,TRUE
"210","Millettia leptobotrya","Millettia","leptobotrya","Millettia leptobotrya","http://www.tropicos.org/Name/13060147",1000020935,TRUE
"211","Oreopanax nubigenus","Oreopanax","nubigenus","Oreopanax nubigenus","http://www.tropicos.org/Name/2200778",1000020936,TRUE
"212","Protium","Protium",NA,"Protium","http://www.tropicos.org/Name/40016610",1000020937,TRUE
"213","Quercus oleoides","Quercus","oleoides","Quercus oleoides","http://www.tropicos.org/Name/13100316",1000020938,TRUE
"214","Rehdera trinervis","Rehdera","trinervis","Rehdera trinervis","http://www.tropicos.org/Name/33702467",1000020939,TRUE
"215","Ruprechtia fusca","Ruprechtia","fusca","Ruprechtia fusca","http://www.tropicos.org/Name/50148878",1000020940,TRUE
"216","Schefflera pittieri","Schefflera","pittieri","Schefflera pittieri","http://www.tropicos.org/Name/2200765",1000020941,TRUE
"217","Streblus asper","Streblus","asper","Streblus asper","http://www.tropicos.org/Name/50064863",1000020942,TRUE
"218","Syzygium szemaoense","Syzygium","szemaoense","Syzygium szemaoense","http://www.tropicos.org/Name/22107541",1000020943,TRUE
"219","Trichilia dregeana","Trichilia","dregeana","Trichilia dregeana","http://www.tropicos.org/Name/20400492",1000020944,TRUE
"220","Turpinia pomifera","Turpinia","pomifera","Turpinia pomifera","http://www.tropicos.org/Name/50092419",1000020945,TRUE
"221","Zygogynum pancheri","Zygogynum","pancheri","Zygogynum pancheri","http://www.tropicos.org/Name/50197622",1000020946,TRUE
"222","Michelia hypolampra","Magnolia","hypolampra","Magnolia hypolampra","http://www.tropicos.org/Name/50333308",1000020896,TRUE
"223","Byrsonima crassa","Byrsonima","crassa","Byrsonima crassa","",1000020864,TRUE
"224","Symplocos mosenii","Symplocos","mosenii","Symplocos mosenii","",1000020877,TRUE
"225","Agathis borneensis","Agathis","borneensis","Agathis borneensis","",1000020947,TRUE
"226","Aglaia glabrata","Aglaia","glabrata","Aglaia glabrata","",1000020948,TRUE
"227","Canarium caudatum","Canarium","caudatum","Canarium caudatum","",1000020949,TRUE
"228","Castanopsis indica ","Castanopsis","indica","Castanopsis indica",NA,1000020950,TRUE
"229","Cordia collococa","Cordia","nodosa","Cordia nodosa","",1000003459,TRUE
"230","Cotylelobium burckii","Cotylelobium","burckii","Cotylelobium burckii","",1000020951,TRUE
"231","Diospyros brachiata","Diospyros","dictyoneura","Diospyros dictyoneura","",1000020952,TRUE
"232","Diospyros mindanaensis","Diospyros","mindanaensis","Diospyros mindanaensis","",1000020953,TRUE
"233","Dipterocarpus globosus","Dipterocarpus","globosus","Dipterocarpus globosus","",1000020954,TRUE
"234","Dryobalanops aromatica","Dryobalanops","aromatica","Dryobalanops aromatica","",40969,TRUE
"235","Dryobalanops sumatrensis","Dryobalanops","sumatrensis","Dryobalanops sumatrensis","",1000020955,TRUE
"236","Dussia munda","Dussia","munda","Dussia munda","",1000020956,TRUE
"237","Galbulimima baccata","Galbulimima","belgraveana","Galbulimima belgraveana","",1000020957,TRUE
"238","Heritiera sumatrana","Heritiera","sumatrana","Heritiera sumatrana","",1000020958,TRUE
"239","Isonandra lanceolata","Isonandra","lanceolata","Isonandra lanceolata","",1000020959,TRUE
"240","Lophopetalum subobovatum","Lophopetalum","subobovatum","Lophopetalum subobovatum","",1000020960,TRUE
"241","Mallotus wrayi","Mallotus","wrayi","Mallotus wrayi","",1000020961,TRUE
"242","Payena endertii","Payena","endertii","Payena endertii","",1000020962,TRUE
"243","Pentace adenophora","Pentace","adenophora","Pentace adenophora","",1000020963,TRUE
"244","Pistacia weinmannifolia","Pistacia","weinmanniifolia","Pistacia weinmanniifolia","",1000020964,TRUE
"245","Santiria mollis","Santiria","mollis","Santiria mollis","",1000020965,TRUE
"246","Shorea ovalis","Shorea","ovalis","Shorea ovalis","",1000020966,TRUE
"247","Sindora leiocarpa","Sindora","leiocarpa","Sindora leiocarpa","",1000020967,TRUE
"248","Stemonurus umbellatus","Stemonurus","umbellatus","Stemonurus umbellatus","",1000020968,TRUE
"249","Tachigalia versicolor","Tachigali","versicolor","Tachigali versicolor","",50999,TRUE
"250","Trimenia neocaledonica","Trimenia","neocaledonica","Trimenia neocaledonica","",1000020969,TRUE
"251","Zygogynum baillonii","Zygogynum","baillonii","Zygogynum baillonii","",1000020970,TRUE
"252","Zygogynum bicolor","Zygogynum","bicolor","Zygogynum bicolor","",1000020971,TRUE
"253","Zygogynum pomiferum","Zygogynum","pomiferum","Zygogynum pomiferum","",1000020972,TRUE
"254","Zygogynum queenslandianum","Zygogynum","queenslandianum","Zygogynum queenslandianum","",1000020973,TRUE
"255","Zygogynum semecarpoides","Zygogynum","semecarpoides","Zygogynum semecarpoides","",1000020974,TRUE
